Cluster ID,Top 3 Representative Tweets
Event #0,"[0.847] reciknows üîÅ cfromhertz about SPY today is quadwitching 

notable:
1 .  $SPY and all SPDR Sector ETFs go ex div (always on quad witch)

2.  the open - Index futures expire on Open - and Mar futures expire SQ (special quotation) market on open
 - so there will be HEAVY VOLUME ON OPEN

3. S&P & Nasdaq indices‚Ä¶ https://twitter.com/i/web/status/1636695979528269824

[0.833] IncomeSharks tweeted about STOCK The #stock market is volatile because there's a lot less liquidity. Advisors pushed everyone into 4/5% T bills, CDs and bonds. Now when the S&P returns more than that this year they'll want back in. Buy stocks when everyone is in bonds. Buy bonds when everyone is in stocks.

[0.827] FirstSquawk tweeted about NASDAQ STOCK MARKET: TRADING WILL REMAIN HALTED UNTIL SIGNATURE BANK HAS FULLY SATISFIED NASDAQ'S REQUEST FOR ADDITIONAL INFORMATION"
Event #1,"[0.939] CryptoNoan üîÅ CryptoNoan about If you apply this strategy you can easily achieve 100% failure. Every single trade will hit SL 

Most of them just copy & paste content from other resources for engagement, mostly used in stock market.

Stay tuned, let's discuss more in the upcoming days.

Happy weekend üëã

[0.930] trader1sz üîÅ WifeyAlpha about ‚ÄúIndex Gamma into $2.8 Trillion OPeX this friday - S&P 500 Index gamma is long +$1.8B. Dealers lost $2B worth of long gamma, and get shorter to the downside, this removes some of the market buffer, and will exacerbate downside moves. As a reminder, $2.8 Trillion worth of option‚Ä¶ https://twitter.com/i/web/status/1635874424732753920

[0.922] FirstSquawk tweeted about DOW JONES DOWN 460.74 POINTS, OR 1.43 PERCENT, AT 31,694.66 AFTER MARKET OPEN

S&P 500 DOWN 52.25 POINTS, OR 1.33 PERCENT, AT 3,867.04 AFTER MARKET OPEN

NASDAQ DOWN 125.39 POINTS, OR 1.10 PERCENT, AT 11,302.76 AFTER MARKET OPEN"
